Timestamp,Airport,Timezone,DirInten,Visibility,Weather0,Weather1,CG0,CG1,CG2,TTD,Pressure,ReraRets
2007060103,SBKG,010315Z,15008KT,9999,na,na,FEW014,BKN080,na,21/20,Q1018,NULL
2007060104,SBKG,010400Z,16004KT,9999,na,na,SCT018,BKN080,na,21/20,Q1018,NULL
2007060105,SBKG,010500Z,17004KT,9999,na,na,SCT018,BKN080,na,21/20,Q1017,NULL
2007060106,SBKG,010600Z,17006KT,9999,na,na,SCT016,BKN080,na,21/20,Q1017,NULL
2007060107,SBKG,010700Z,14010KT,9000,na,na,FEW009,SCT012,BKN080,20/20,Q1017,NULL
2007060108,SBKG,010800Z,16008KT,9999,na,na,FEW022,BKN080,na,20/20,Q1018,NULL
2007060109,SBKG,010900Z,12003KT,5000,RA,na,SCT018,BKN080,na,20/20,Q1018,NULL
2007060110,SBKG,011000Z,12002KT,9999,na,na,BKN018,SCT080,na,21/20,Q1018,NULL
2007060111,SBKG,011100Z,12006KT,9999,na,na,SCT012,BKN018,na,22/21,Q1019,NULL
2007060112,SBKG,011200Z,13009KT,9999,na,na,BKN016,SCT150,na,23/21,Q1019,NULL
2007060113,SBKG,011300Z,13010KT,9999,na,na,SCT020,na,na,27/20,Q1020,NULL
2007060114,SBKG,011400Z,12008KT,9999,na,na,SCT025,na,na,27/20,Q1019,NULL
2007060115,SBKG,011500Z,12008KT,9999,na,na,BKN030,na,na,29/19,Q1017,NULL
2007060116,SBKG,011600Z,13010KT,9999,na,na,BKN030,na,na,29/20,Q1016,NULL
2007060117,SBKG,011700Z,14010KT,9999,na,na,SCT030,na,na,29/20,Q1016,NULL
2007060118,SBKG,011800Z,13012KT,9999,na,na,SCT030,BKN300,na,29/20,Q1016,NULL
2007060119,SBKG,011900Z,15014KT,4000,na,na,BKN020,FEW030TCU,na,28/21,Q1016,NULL
2007060120,SBKG,012000Z,15008KT,9999,na,na,SCT018,BKN100,na,23/21,Q1017,NULL
2007060121,SBKG,012100Z,15006KT,9999,na,na,SCT018,BKN100,na,22/21,Q1017,NULL
2007060122,SBKG,012200Z,12002KT,9999,na,na,SCT015,na,na,22/20,Q1017,NULL
2007060123,SBKG,012300Z,13002KT,9999,na,na,SCT015,na,na,21/20,Q1018,NULL
2007060203,SBKG,020315Z,15004KT,9999,na,na,SCT010,BKN015,BKN100,21/21,Q1017,NULL
2007060204,SBKG,020400Z,13006KT,6000,-RA,na,SCT007,BKN010,BKN100,21/21,Q1017,NULL
2007060204,SBKG,020440Z,15004KT,4500,BR,na,SCT007,BKN010,BKN015,21/21,Q1016,NULL
2007060205,SBKG,020500Z,15006KT,4000,BR,na,SCT007,BKN010,BKN012,21/21,Q1016,NULL
2007060206,SBKG,020600Z,12004KT,5000,-RA,na,BKN010,BKN012,na,21/21,Q1016,NULL
2007060207,SBKG,020700Z,12004KT,5000,na,na,SCT004,BKN008,BKN012,21/21,Q1016,NULL
2007060208,SBKG,020800Z,12006KT,5000,BR,na,SCT004,BKN008,BKN015,21/21,Q1016,NULL
2007060209,SBKG,020900Z,15004KT,2500,BR,na,SCT006,BKN010,OVC070,21/21,Q1017,NULL
2007060210,SBKG,021000Z,16006KT,8000,-RA,na,SCT008,BKN012,na,21/20,Q1017,NULL
2007060211,SBKG,021100Z,13004KT,6000,-RA,na,SCT008,BKN012,na,21/21,Q1018,NULL
2007060212,SBKG,021200Z,14002KT,8000,-RA,na,SCT008,BKN012,na,22/22,Q1018,NULL
2007060213,SBKG,021300Z,14008KT,9000,na,na,SCT008,BKN014,na,23/22,Q1018,NULL
2007060214,SBKG,021400Z,14006KT,9999,na,na,SCT015,BKN020,na,24/23,Q1018,NULL
2007060215,SBKG,021500Z,12004KT,9999,na,na,SCT015,BKN020,na,25/22,Q1017,NULL
2007060215,SBKG,021523Z,12006KT,2000,-RA,BR,SCT006,BKN010,na,24/20,Q1017,NULL
2007060216,SBKG,021600Z,12006KT,8000,na,na,FEW006,BKN010,BKN090,23/22,Q1016,NULL
2007060217,SBKG,021700Z,12003KT,8000,-RA,BR,FEW006,BKN010,BKN090,23/22,Q1016,NULL
2007060218,SBKG,021800Z,12006KT,5000,-RA,BR,FEW006,BKN010,BKN097,23/22,Q1015,NULL
2007060219,SBKG,021900Z,12006KT,5000,-RA,BR,FEW006,BKN010,OVC090,23/22,Q1015,NULL
2007060220,SBKG,022000Z,12004KT,8000,na,na,FEW006,BKN010,na,22/21,Q1016,NULL
2007060221,SBKG,022100Z,12003KT,8000,-RA,BR,FEW006,BKN010,na,22/21,Q1016,NULL
2007060303,SBKG,030315Z,18004KT,9999,na,na,SCT015,BKN020,na,21/21,Q1016,NULL
2007060304,SBKG,030400Z,15004KT,5000,na,na,SCT010,BKN015,na,21/21,Q1016,NULL
2007060305,SBKG,030500Z,18002KT,5000,na,na,SCT010,BKN014,na,21/21,Q1016,NULL
2007060306,SBKG,030600Z,14002KT,6000,na,na,SCT008,BKN013,na,21/21,Q1015,NULL
2007060307,SBKG,030700Z,19002KT,5000,na,na,SCT006,BKN012,na,21/21,Q1016,NULL
2007060308,SBKG,030800Z,19004KT,5000,na,na,SCT006,BKN015,na,21/21,Q1016,NULL
2007060309,SBKG,030900Z,00000KT,9000,na,na,SCT015,BKN020,na,21/21,Q1016,NULL
2007060310,SBKG,031000Z,22004KT,9000,BR,na,FEW006,SCT010,BKN018,21/20,Q1017,NULL
2007060311,SBKG,031100Z,25004KT,9999,na,na,SCT015,BKN020,na,21/20,Q1017,NULL
2007060312,SBKG,031200Z,22006KT,9999,na,na,SCT015,BKN020,na,21/20,Q1018,NULL
2007060313,SBKG,031300Z,20002KT,9999,na,na,SCT015,BKN020,na,22/21,Q1018,NULL
2007060314,SBKG,031400Z,16004KT,9999,na,na,SCT015,BKN020,BKN100,24/20,Q1018,NULL
2007060315,SBKG,031500Z,15006KT,9999,na,na,BKN020,BKN100,na,25/21,Q1017,NULL
2007060316,SBKG,031600Z,19006KT,9999,na,na,BKN020,BKN100,na,27/21,Q1016,NULL
2007060317,SBKG,031700Z,13006KT,9999,na,na,BKN020,BKN100,na,27/21,Q1015,NULL
2007060318,SBKG,031800Z,10006KT,9999,na,na,BKN020,BKN100,na,26/22,Q1015,NULL
2007060319,SBKG,031900Z,13007KT,9999,na,na,BKN020,BKN100,na,26/22,Q1015,NULL
2007060320,SBKG,032000Z,16008KT,9999,na,na,SCT015,SCT020,BKN100,24/22,Q1016,NULL
2007060321,SBKG,032100Z,12006KT,9999,na,na,SCT015,BKN100,na,23/22,Q1016,NULL
2007060403,SBKG,040315Z,13004KT,9999,na,na,SCT006,BKN010,na,22/21,Q1018,NULL
2007060404,SBKG,040400Z,13002KT,9999,na,na,SCT006,BKN010,na,22/21,Q1018,NULL
2007060405,SBKG,040500Z,12002KT,9999,na,na,FEW006,BKN010,na,22/21,Q1017,NULL
2007060406,SBKG,040600Z,16002KT,9999,na,na,FEW006,BKN010,na,21/20,Q1017,NULL
2007060407,SBKG,040700Z,10002KT,9999,na,na,FEW006,BKN010,na,21/20,Q1017,NULL
2007060408,SBKG,040800Z,13003KT,9999,na,na,BKN010,BKN015,na,21/20,Q1017,NULL
2007060409,SBKG,040900Z,12002KT,9999,na,na,SCT010,BKN015,na,21/20,Q1018,NULL
2007060410,SBKG,041000Z,17002KT,9999,na,na,SCT015,BKN020,BKN100,22/21,Q1018,NULL
2007060411,SBKG,041100Z,20002KT,9999,na,na,SCT015,BKN020,BKN100,22/21,Q1019,NULL
2007060412,SBKG,041200Z,00000KT,9999,na,na,BKN010,BKN015,BKN100,22/21,Q1019,NULL
2007060413,SBKG,041300Z,20002KT,9999,na,na,SCT015,BKN017,BKN100,24/21,Q1014,NULL
2007060414,SBKG,041400Z,12004KT,9999,na,na,BKN020,BKN100,na,26/22,Q1018,NULL
2007060415,SBKG,041500Z,14004KT,9999,na,na,BKN020,BKN100,na,26/22,Q1017,NULL
2007060416,SBKG,041600Z,13006KT,9999,na,na,SCT032,BKN100,na,28/22,Q1016,NULL
2007060417,SBKG,041700Z,12010KT,9999,na,na,FEW032,BKN100,na,28/21,Q1016,NULL
2007060418,SBKG,041800Z,13006KT,9999,na,na,FEW032,SCT100,na,29/22,Q1015,NULL
2007060419,SBKG,041900Z,12006KT,9999,na,na,FEW026,BKN100,na,29/23,Q1015,NULL
2007060420,SBKG,042000Z,12006KT,9999,na,na,FEW022,SCT100,na,26/23,Q1016,NULL
2007060421,SBKG,042100Z,12006KT,9999,na,na,FEW040,na,na,24/22,Q1016,NULL
2007060422,SBKG,042200Z,12006KT,9999,na,na,SCT010,BKN015,na,23/23,Q1017,NULL
2007060423,SBKG,042300Z,12007KT,9999,na,na,SCT010,BKN015,na,23/22,Q1017,NULL
2007060503,SBKG,050315Z,12004KT,6000,na,na,SCT006,BKN010,na,22/22,Q1018,NULL
2007060504,SBKG,050400Z,16004KT,6000,na,na,SCT006,BKN010,na,22/22,Q1018,NULL
2007060505,SBKG,050500Z,15004KT,3000,BR,na,SCT006,BKN010,na,22/22,Q1018,NULL
2007060505,SBKG,050535Z,12003KT,5000,BR,na,SCT006,BKN010,na,22/22,Q1018,NULL
2007060506,SBKG,050600Z,16004KT,5000,BR,na,SCT006,BKN010,na,22/22,Q1018,NULL
2007060507,SBKG,050700Z,12003KT,2000,BR,na,SCT006,BKN010,na,21/21,Q1018,NULL
2007060507,SBKG,050730Z,00000KT,0500,FG,na,BKN006,BKN010,na,21/21,Q1018,NULL
2007060508,SBKG,050800Z,00000KT,3000,BR,na,BKN010,na,na,21/21,Q1018,NULL
2007060509,SBKG,050900Z,17002KT,5000,BR,na,SCT010,BKN015,na,22/21,Q1018,NULL
2007060510,SBKG,051000Z,16004KT,8000,na,na,FEW014,SCT016,na,22/22,Q1019,NULL
2007060511,SBKG,051100Z,12007KT,9999,na,na,FEW010,SCT020,na,24/21,Q1019,NULL
2007060512,SBKG,051200Z,10003KT,9999,na,na,BKN018,na,na,27/22,Q1019,NULL
2007060513,SBKG,051300Z,15006KT,9999,na,na,BKN024,na,na,26/21,Q1019,NULL
2007060514,SBKG,051400Z,14006KT,9999,na,na,SCT030,na,na,28/21,Q1019,NULL
2007060515,SBKG,051500Z,13006KT,9999,na,na,BKN032,na,na,29/21,Q1018,NULL
2007060516,SBKG,051600Z,12014KT,9999,na,na,SCT016,SCT025,na,28/22,Q1017,NULL
2007060517,SBKG,051700Z,12012KT,9999,na,na,BKN010,SCT018,BKN150,25/21,Q1017,NULL
2007060517,SBKG,051740Z,12006KT,9999,na,na,FEW010,SCT020,BKN080,24/20,Q1017,NULL
2007060518,SBKG,051800Z,12008KT,9999,na,na,SCT016,BKN080,na,24/20,Q1017,NULL
2007060519,SBKG,051900Z,12010KT,9999,na,na,SCT016,BKN080,na,24/21,Q1017,NULL
2007060520,SBKG,052000Z,12006KT,9999,na,na,FEW020,BKN080,na,23/20,Q1017,NULL
2007060521,SBKG,052100Z,12008KT,9999,na,na,SCT010,SCT012,BKN100,22/21,Q1018,NULL
2007060522,SBKG,052200Z,13008KT,9999,na,na,SCT005,BKN012,na,22/21,Q1018,NULL
2007060523,SBKG,052300Z,13004KT,8000,na,na,FEW005,SCT012,na,21/20,Q1019,NULL
2007060603,SBKG,060315Z,12006KT,9999,na,na,SCT005,BKN010,na,21/21,Q1019,NULL
2007060604,SBKG,060400Z,12006KT,2000,na,na,BKN005,BKN010,na,21/21,Q1019,NULL
2007060605,SBKG,060500Z,14003KT,6000,na,na,FEW006,SCT018,BKN100,20/20,Q1018,NULL
2007060606,SBKG,060600Z,13003KT,9999,na,na,FEW010,SCT100,na,20/20,Q1018,NULL
2007060607,SBKG,060700Z,15002KT,9999,na,na,FEW018,BKN100,na,20/20,Q1018,NULL
2007060608,SBKG,060800Z,00000KT,CAVOK,na,na,na,na,na,20/20,Q1018,NULL
2007060609,SBKG,060900Z,00000KT,9000,na,na,FEW010,BKN100,na,20/20,Q1019,NULL
2007060610,SBKG,061000Z,18002KT,9999,na,na,SCT015,SCT018,na,21/20,Q1019,NULL
2007060611,SBKG,061100Z,16004KT,9999,na,na,SCT015,SCT018,BKN100,22/20,Q1020,NULL
2007060612,SBKG,061200Z,15007KT,9999,na,na,SCT015,BKN018,BKN100,23/20,Q1020,NULL
2007060613,SBKG,061300Z,10002KT,9999,na,na,SCT015,SCT020,BKN100,23/20,Q1020,NULL
2007060614,SBKG,061400Z,13005KT,9999,na,na,BKN020,BKN100,na,26/21,Q1019,NULL
2007060615,SBKG,061500Z,16007KT,9999,na,na,SCT025,BKN100,na,27/20,Q1018,NULL
2007060616,SBKG,061600Z,16006KT,9999,na,na,SCT030,na,na,28/18,Q1017,NULL
2007060617,SBKG,061700Z,14010KT,9999,na,na,SCT030,na,na,29/17,Q1016,NULL
2007060618,SBKG,061800Z,15008KT,9999,na,na,SCT030,na,na,29/18,Q1016,NULL
2007060619,SBKG,061900Z,13010KT,9999,na,na,SCT030,na,na,27/20,Q1016,NULL
2007060620,SBKG,062000Z,15008KT,9999,na,na,FEW030,na,na,26/19,Q1017,NULL
2007060621,SBKG,062100Z,14006KT,9999,na,na,FEW025,na,na,24/21,Q1017,NULL
2007060622,SBKG,062200Z,12006KT,CAVOK,na,na,na,na,na,22/19,Q1018,NULL
2007060623,SBKG,062300Z,12006KT,CAVOK,na,na,na,na,na,20/20,Q1018,NULL
2007060700,SBKG,070000Z,12002KT,CAVOK,na,na,na,na,na,21/20,Q1018,NULL
2007060701,SBKG,070100Z,14004KT,CAVOK,na,na,na,na,na,20/19,Q1018,NULL
2007060702,SBKG,070200Z,13004KT,CAVOK,na,na,na,na,na,19/18,Q1018,NULL
2007060703,SBKG,070300Z,16008KT,9999,na,na,FEW015,na,na,20/19,Q1018,NULL
2007060704,SBKG,070400Z,16006KT,CAVOK,na,na,na,na,na,20/19,Q1017,NULL
2007060705,SBKG,070500Z,12004KT,9999,na,na,FEW015,na,na,19/18,Q1017,NULL
2007060706,SBKG,070600Z,10001KT,CAVOK,na,na,na,na,na,19/18,Q1017,NULL
2007060707,SBKG,070700Z,00000KT,CAVOK,na,na,na,na,na,19/18,Q1017,NULL
2007060708,SBKG,070800Z,18001KT,CAVOK,na,na,na,na,na,19/19,Q1017,NULL
2007060709,SBKG,070900Z,19002KT,9999,na,na,FEW020,na,na,19/18,Q1018,NULL
2007060710,SBKG,071000Z,00000KT,CAVOK,na,na,na,na,na,20/19,Q1018,NULL
2007060711,SBKG,071100Z,18006KT,9999,na,na,SCT015,na,na,22/19,Q1018,NULL
2007060712,SBKG,071200Z,16006KT,9999,na,na,SCT020,na,na,24/20,Q1018,NULL
2007060713,SBKG,071300Z,14006KT,9999,na,na,SCT020,na,na,25/20,Q1018,NULL
2007060714,SBKG,071400Z,14012KT,9999,na,na,SCT030,na,na,27/19,Q1018,NULL
2007060715,SBKG,071500Z,14008KT,9999,na,na,SCT030,na,na,29/19,Q1017,NULL
2007060716,SBKG,071600Z,13008KT,9999,na,na,SCT030,na,na,30/19,Q1016,NULL
2007060717,SBKG,071700Z,16010KT,9999,na,na,SCT030,na,na,29/20,Q1016,NULL
2007060718,SBKG,071800Z,18012KT,9999,na,na,SCT030,na,na,28/19,Q1015,NULL
2007060719,SBKG,071900Z,12008KT,9999,na,na,SCT025,na,na,28/19,Q1016,NULL
2007060720,SBKG,072000Z,15006KT,9999,na,na,SCT020,na,na,26/19,Q1016,NULL
2007060721,SBKG,072100Z,15006KT,CAVOK,na,na,na,na,na,24/18,Q1016,NULL
2007060803,SBKG,080315Z,00000KT,9999,na,na,SCT015,na,na,20/19,Q1017,NULL
2007060804,SBKG,080400Z,00000KT,9999,na,na,SCT015,na,na,20/19,Q1017,NULL
2007060805,SBKG,080500Z,00000KT,9999,na,na,SCT015,na,na,20/19,Q1017,NULL
2007060806,SBKG,080600Z,24004KT,9999,na,na,FEW015,na,na,20/19,Q1016,NULL
2007060807,SBKG,080700Z,24004KT,9999,na,na,FEW015,na,na,20/19,Q1016,NULL
2007060808,SBKG,080800Z,00000KT,9999,na,na,SCT015,na,na,20/19,Q1016,NULL
2007060809,SBKG,080900Z,21002KT,9999,na,na,SCT015,na,na,20/19,Q1017,NULL
2007060810,SBKG,081000Z,22006KT,9999,na,na,SCT018,na,na,21/19,Q1017,NULL
2007060811,SBKG,081100Z,18006KT,9999,na,na,SCT018,BKN090,na,22/20,Q1018,NULL
2007060812,SBKG,081200Z,16008KT,9999,na,na,SCT020,BKN100,na,24/19,Q1018,NULL
2007060813,SBKG,081300Z,18006KT,9999,na,na,FEW015,BKN020,BKN100,24/19,Q1018,NULL
2007060814,SBKG,081400Z,19008KT,9999,na,na,FEW015,BKN020,BKN100,25/19,Q1017,NULL
2007060815,SBKG,081500Z,15010KT,9999,na,na,SCT015,BKN020,na,27/19,Q1016,NULL
2007060816,SBKG,081600Z,17006KT,6000,na,na,SCT015,BKN020,na,24/22,Q1015,NULL
2007060817,SBKG,081700Z,14010KT,5000,-RA,na,SCT015,BKN020,na,24/21,Q1015,NULL
2007060818,SBKG,081800Z,16010KT,9999,na,na,BKN020,na,na,24/21,Q1015,NULL
2007060819,SBKG,081900Z,14004KT,9999,na,na,SCT020,BKN300,na,23/22,Q1016,NULL
2007060820,SBKG,082000Z,16004KT,9999,na,na,SCT020,BKN300,na,23/22,Q1016,NULL
2007060821,SBKG,082100Z,15006KT,9999,na,na,FEW018,BKN300,na,22/21,Q1017,NULL
2007060822,SBKG,082200Z,14006KT,CAVOK,na,na,na,na,na,21/20,Q1017,NULL
2007060823,SBKG,082300Z,16006KT,9999,na,na,FEW022,na,na,21/19,Q1017,NULL
2007060903,SBKG,090322Z,21004KT,CAVOK,na,na,na,na,na,20/17,Q1017,NULL
2007060904,SBKG,090400Z,21005KT,CAVOK,na,na,na,na,na,20/17,Q1017,NULL
2007060905,SBKG,090500Z,19008KT,9999,na,na,FEW015,na,na,20/17,Q1016,NULL
2007060906,SBKG,090600Z,22008KT,CAVOK,na,na,na,na,na,20/18,Q1016,NULL
2007060907,SBKG,090700Z,22006KT,CAVOK,na,na,na,na,na,19/18,Q1016,NULL
2007060908,SBKG,090800Z,31002KT,9999,na,na,SCT015,na,na,20/18,Q1017,NULL
2007060909,SBKG,090900Z,00000KT,9999,na,na,SCT015,BKN018,na,20/18,Q1017,NULL
2007060910,SBKG,091000Z,10004KT,5000,-RA,na,SCT010,BKN017,na,20/20,Q1018,NULL
2007060910,SBKG,091020Z,08002KT,3000,-RA,BR,SCT006,BKN010,na,20/20,Q1018,NULL
2007060911,SBKG,091100Z,24002KT,5000,-RA,na,SCT010,BKN015,na,20/20,Q1019,NULL
2007060912,SBKG,091200Z,24004KT,6000,na,na,SCT010,BKN015,na,21/20,Q1019,NULL
2007060913,SBKG,091300Z,20002KT,5000,-RA,na,SCT010,BKN015,OVC070,21/20,Q1019,NULL
2007060914,SBKG,091400Z,22005KT,9999,na,na,SCT015,BKN020,BKN100,23/21,Q1018,NULL
2007060915,SBKG,091500Z,18004KT,9999,na,na,SCT015,BKN020,BKN100,24/21,Q1017,NULL
2007060916,SBKG,091600Z,14006KT,9999,na,na,SCT024,BKN100,na,26/20,Q1016,NULL
2007060917,SBKG,091700Z,13006KT,9999,na,na,SCT032,BKN100,na,25/21,Q1015,NULL
2007060918,SBKG,091800Z,14006KT,8000,na,na,SCT032,SCT100,na,26/20,Q1015,NULL
2007060919,SBKG,091900Z,12006KT,8000,na,na,SCT032,BKN100,na,24/20,Q1016,NULL
2007060920,SBKG,092000Z,12002KT,9999,na,na,FEW022,BKN080,na,23/21,Q1016,NULL
2007060921,SBKG,092100Z,12004KT,9999,na,na,SCT014,SCT020,BKN080,22/20,Q1016,NULL
2007061003,SBKG,100317Z,16002KT,9999,na,na,SCT017,na,na,21/20,Q1017,NULL
2007061004,SBKG,100400Z,16002KT,9999,na,na,BKN015,na,na,21/20,Q1017,NULL
2007061005,SBKG,100500Z,16002KT,5000,-RA,na,SCT006,BKN010,na,20/20,Q1017,NULL
2007061006,SBKG,100600Z,18003KT,9999,na,na,BKN015,na,na,20/19,Q1016,NULL
2007061007,SBKG,100700Z,18003KT,9999,na,na,BKN015,na,na,20/19,Q1016,NULL
2007061008,SBKG,100800Z,17004KT,9999,na,na,SCT015,na,na,20/19,Q1017,NULL
2007061009,SBKG,100900Z,11002KT,9999,na,na,SCT017,na,na,20/19,Q1017,NULL
2007061010,SBKG,101000Z,14006KT,8000,na,na,SCT010,SCT015,na,21/21,Q1018,NULL
2007061011,SBKG,101100Z,15010KT,5000,RA,na,SCT015,BKN018,na,22/21,Q1018,NULL
2007061012,SBKG,101200Z,15009KT,8000,na,na,SCT016,BKN021,na,24/20,Q1018,NULL
2007061013,SBKG,101300Z,14014KT,9999,na,na,BKN026,na,na,25/20,Q1018,NULL
2007061014,SBKG,101400Z,16013KT,9999,na,na,SCT030,na,na,26/20,Q1017,NULL
2007061015,SBKG,101500Z,13012KT,9999,na,na,BKN032,na,na,27/20,Q1016,NULL
2007061016,SBKG,101600Z,13012KT,9999,na,na,BKN032,na,na,27/20,Q1016,NULL
2007061017,SBKG,101700Z,15012KT,9999,na,na,BKN040,na,na,27/17,Q1015,NULL
2007061018,SBKG,101800Z,12010KT,9999,na,na,BKN030,na,na,28/18,Q1014,NULL
2007061019,SBKG,101900Z,13008KT,9999,na,na,BKN040,na,na,26/16,Q1015,NULL
2007061020,SBKG,102000Z,12008KT,CAVOK,na,na,na,na,na,24/17,Q1016,NULL
2007061021,SBKG,102100Z,12008KT,CAVOK,na,na,na,na,na,23/17,Q1016,NULL
2007061103,SBKG,110315Z,26004KT,9999,na,na,FEW015,na,na,19/19,Q1017,NULL
2007061104,SBKG,110400Z,00000KT,9999,na,na,FEW015,SCT080,na,19/19,Q1017,NULL
2007061105,SBKG,110500Z,23002KT,9999,na,na,FEW014,SCT080,na,20/19,Q1017,NULL
2007061106,SBKG,110600Z,21004KT,9999,na,na,SCT022,SCT080,na,20/19,Q1016,NULL
2007061107,SBKG,110700Z,18004KT,9999,na,na,FEW021,SCT080,na,20/19,Q1016,NULL
2007061108,SBKG,110800Z,19006KT,CAVOK,na,na,na,na,na,20/18,Q1017,NULL
2007061109,SBKG,110900Z,18002KT,CAVOK,na,na,na,na,na,19/18,Q1017,NULL
2007061110,SBKG,111000Z,18006KT,9999,na,na,FEW018,SCT100,na,21/18,Q1017,NULL
2007061111,SBKG,111100Z,15011KT,9999,na,na,SCT020,na,na,22/18,Q1018,NULL
2007061112,SBKG,111200Z,15010KT,9999,na,na,BKN023,na,na,25/18,Q1018,NULL
2007061113,SBKG,111300Z,15009KT,9999,na,na,SCT030,SCT300,na,25/18,Q1018,NULL
2007061114,SBKG,111400Z,15010KT,9999,na,na,FEW040,SCT300,na,27/18,Q1017,NULL
2007061115,SBKG,111500Z,15012KT,9999,na,na,FEW030,BKN150,na,28/18,Q1016,NULL
2007061116,SBKG,111600Z,16012KT,9999,na,na,BKN040,na,na,29/16,Q1016,NULL
2007061117,SBKG,111700Z,15014KT,9999,na,na,BKN040,na,na,28/17,Q1015,NULL
2007061118,SBKG,111800Z,15010KT,9999,na,na,BKN030,BKN100,na,28/19,Q1015,NULL
2007061119,SBKG,111900Z,15012KT,9999,na,na,BKN025,BKN100,na,26/19,Q1016,NULL
2007061120,SBKG,112000Z,12006KT,5000,-RA,BR,SCT005,BKN010,BKN015,22/21,Q1017,NULL
2007061121,SBKG,112100Z,15008KT,5000,-RA,BR,SCT006,BKN010,na,21/20,Q1017,NULL
2007061122,SBKG,112200Z,12006KT,5000,-RA,BR,FEW006,BKN010,na,21/20,Q1018,NULL
2007061123,SBKG,112300Z,15008KT,5000,-RA,BR,FEW006,SCT010,na,21/20,Q1018,NULL
2007061203,SBKG,120315Z,15006KT,7000,-RA,na,BKN008,OVC080,na,21/20,Q1016,NULL
2007061204,SBKG,120400Z,12006KT,7000,-RA,na,BKN010,BKN015,OVC070,21/20,Q1016,NULL
2007061204,SBKG,120420Z,12006KT,3000,BR,na,SCT005,BKN010,BKN015,21/21,Q1016,NULL
2007061205,SBKG,120500Z,12001KT,6000,na,na,SCT005,BKN012,OVC070,20/20,Q1016,NULL
2007061206,SBKG,120600Z,12003KT,4000,BR,na,SCT004,BKN013,OVC070,20/20,Q1015,NULL
2007061207,SBKG,120700Z,12004KT,2500,BR,na,SCT006,BKN010,BKN012,20/20,Q1016,NULL
2007061208,SBKG,120800Z,15008KT,2500,BR,na,SCT006,BKN010,OVC070,20/20,Q1016,NULL
2007061209,SBKG,120900Z,12006KT,2000,BR,na,SCT005,BKN010,OVC070,20/20,Q1016,NULL
2007061210,SBKG,121000Z,16006KT,3500,-RA,BR,SCT006,BKN010,OVC070,21/20,Q1017,NULL
2007061211,SBKG,121100Z,16010KT,5000,BR,na,SCT010,BKN015,BKN070,22/21,Q1017,NULL
2007061212,SBKG,121200Z,16008KT,5000,BR,na,SCT010,BKN015,BKN090,22/21,Q1018,NULL
2007061213,SBKG,121300Z,17007KT,9999,na,na,SCT015,BKN020,BKN090,23/21,Q1017,NULL
2007061214,SBKG,121400Z,17012KT,9999,na,na,SCT015,BKN020,BKN090,24/21,Q1017,NULL
2007061215,SBKG,121500Z,12006KT,9999,na,na,SCT015,BKN020,BKN090,24/22,Q1016,NULL
2007061216,SBKG,121600Z,15004KT,6000,na,na,SCT015,BKN015,BKN090,24/22,Q1016,NULL
2007061216,SBKG,121635Z,16004KT,3000,-RA,na,SCT006,BKN010,BKN090,23/22,Q1016,NULL
2007061217,SBKG,121700Z,17004KT,3000,-RA,na,SCT006,BKN010,OVC070,23/22,Q1015,NULL
2007061218,SBKG,121800Z,15008KT,2000,-RA,BR,SCT005,BKN010,OVC070,23/22,Q1015,NULL
2007061219,SBKG,121900Z,13006KT,6000,na,na,BKN010,BKN015,OVC070,22/21,Q1015,NULL
2007061220,SBKG,122000Z,15006KT,3000,-RA,BR,BKN010,BKN015,OVC070,22/22,Q1016,NULL
2007061221,SBKG,122100Z,16010KT,3000,-RA,BR,BKN010,BKN015,na,21/21,Q1016,NULL
2007061222,SBKG,122200Z,13006KT,5000,BR,na,FEW006,SCT010,BKN015,21/21,Q1017,NULL
2007061223,SBKG,122300Z,13006KT,9999,na,na,SCT010,na,na,21/20,Q1017,NULL
2007061303,SBKG,130315Z,16003KT,9999,na,na,SCT015,na,na,21/21,Q1018,NULL
2007061304,SBKG,130400Z,13002KT,9999,na,na,BKN015,na,na,21/21,Q1017,NULL
2007061305,SBKG,130500Z,13003KT,9999,na,na,BKN015,na,na,21/20,Q1017,NULL
2007061306,SBKG,130600Z,18006KT,9999,na,na,SCT015,na,na,21/20,Q1017,NULL
2007061307,SBKG,130700Z,18004KT,9999,na,na,SCT015,na,na,21/20,Q1017,NULL
2007061308,SBKG,130800Z,24002KT,9999,na,na,SCT015,na,na,21/20,Q1017,NULL
2007061309,SBKG,130900Z,24004KT,4000,BR,na,SCT006,BKN010,na,20/20,Q1016,NULL
2007061310,SBKG,131000Z,18008KT,6000,na,na,SCT006,SCT015,BKN090,20/20,Q1016,NULL
2007061311,SBKG,131100Z,15010KT,9000,na,na,FEW012,SCT100,BKN300,22/20,Q1017,NULL
2007061312,SBKG,131200Z,15012KT,8000,na,na,SCT012,BKN016,BKN300,23/21,Q1017,NULL
2007061313,SBKG,131300Z,17008KT,5000,na,na,SCT012,BKN016,BKN090,23/22,Q1018,NULL
2007061314,SBKG,131400Z,14008KT,8000,na,na,FEW006,SCT016,BKN090,23/22,Q1017,NULL
2007061315,SBKG,131500Z,14006KT,5000,RA,na,SCT014,BKN018,BKN070,24/22,Q1016,NULL
2007061316,SBKG,131600Z,13008KT,8000,na,na,FEW016,BKN018,BKN080,24/22,Q1015,NULL
2007061317,SBKG,131700Z,14006KT,8000,na,na,SCT016,BKN018,BKN080,24/21,Q1015,NULL
2007061318,SBKG,131800Z,13010KT,9999,na,na,SCT010,BKN015,na,23/21,Q1015,NULL
2007061319,SBKG,131900Z,15006KT,9999,na,na,SCT010,BKN018,BKN090,23/20,Q1015,NULL
2007061320,SBKG,132000Z,12007KT,9999,na,na,SCT010,SCT018,BKN090,23/20,Q1015,NULL
2007061321,SBKG,132100Z,13006KT,9999,na,na,SCT010,BKN018,na,22/21,Q1016,NULL
2007061322,SBKG,132200Z,13006KT,9999,na,na,FEW010,na,na,21/20,Q1017,NULL
2007061323,SBKG,132300Z,13005KT,9999,na,na,FEW010,na,na,21/20,Q1017,NULL
2007061403,SBKG,140315Z,00000KT,CAVOK,na,na,na,na,na,19/19,Q1017,NULL
2007061404,SBKG,140400Z,00000KT,9999,na,na,SCT016,na,na,19/19,Q1017,NULL
2007061405,SBKG,140500Z,00000KT,CAVOK,na,na,na,na,na,19/18,Q1016,NULL
2007061406,SBKG,140600Z,00000KT,CAVOK,na,na,na,na,na,18/18,Q1015,NULL
2007061407,SBKG,140700Z,13002KT,CAVOK,na,na,na,na,na,18/18,Q1016,NULL
2007061408,SBKG,140800Z,12002KT,9999,na,na,FEW015,na,na,18/18,Q1016,NULL
2007061409,SBKG,140900Z,12002KT,9999,na,na,FEW018,SCT150,na,19/19,Q1016,NULL
2007061410,SBKG,141000Z,14004KT,9999,na,na,FEW020,na,na,21/20,Q1017,NULL
2007061411,SBKG,141100Z,18006KT,9999,na,na,SCT020,na,na,23/20,Q1017,NULL
2007061412,SBKG,141200Z,19010KT,9999,na,na,SCT025,na,na,24/21,Q1017,NULL
2007061413,SBKG,141300Z,16008KT,9999,na,na,SCT025,na,na,24/21,Q1018,NULL
2007061414,SBKG,141400Z,18008KT,9999,na,na,BKN020,na,na,24/21,Q1017,NULL
2007061415,SBKG,141500Z,17010KT,9999,na,na,BKN020,na,na,25/21,Q1016,NULL
2007061416,SBKG,141600Z,18010KT,9999,na,na,BKN020,na,na,26/20,Q1016,NULL
2007061417,SBKG,141700Z,15010KT,9999,na,na,SCT032,na,na,27/20,Q1015,NULL
2007061418,SBKG,141800Z,15010KT,9999,na,na,SCT032,na,na,27/19,Q1014,NULL
2007061419,SBKG,141900Z,14008KT,9999,na,na,FEW032,na,na,26/20,Q1014,NULL
2007061420,SBKG,142000Z,13007KT,CAVOK,na,na,na,na,na,25/18,Q1015,NULL
2007061421,SBKG,142100Z,14006KT,CAVOK,na,na,na,na,na,23/19,Q1015,NULL
2007061422,SBKG,142200Z,13006KT,CAVOK,na,na,na,na,na,22/19,Q1016,NULL
2007061423,SBKG,142300Z,12004KT,CAVOK,na,na,na,na,na,20/19,Q1016,NULL
2007061503,SBKG,150315Z,14002KT,9999,na,na,SCT015,na,na,20/19,Q1016,NULL
2007061504,SBKG,150400Z,14003KT,9999,na,na,SCT015,na,na,20/19,Q1016,NULL
2007061505,SBKG,150500Z,14004KT,9999,na,na,SCT015,na,na,20/19,Q1015,NULL
2007061506,SBKG,150600Z,17004KT,9999,na,na,SCT015,na,na,20/19,Q1015,NULL
2007061507,SBKG,150700Z,19004KT,9999,na,na,SCT015,na,na,20/19,Q1015,NULL
2007061508,SBKG,150800Z,19004KT,9999,na,na,SCT015,na,na,20/19,Q1015,NULL
2007061509,SBKG,150900Z,18002KT,9999,na,na,SCT017,na,na,19/19,Q1016,NULL
2007061510,SBKG,151000Z,14004KT,8000,na,na,SCT015,SCT018,na,20/20,Q1017,NULL
2007061511,SBKG,151100Z,13008KT,9999,na,na,FEW014,SCT022,na,23/20,Q1017,NULL
2007061512,SBKG,151200Z,14006KT,9999,na,na,SCT026,na,na,24/20,Q1017,NULL
2007061513,SBKG,151300Z,13006KT,9999,na,na,SCT032,na,na,25/19,Q1017,NULL
2007061514,SBKG,151400Z,13010KT,9999,na,na,SCT030,BKN090,na,26/19,Q1017,NULL
2007061515,SBKG,151500Z,12010KT,9999,na,na,SCT028,BKN090,na,26/19,Q1016,NULL
2007061516,SBKG,151600Z,12009KT,9999,na,na,BKN023,na,na,26/19,Q1016,NULL
2007061517,SBKG,151700Z,12010KT,9999,na,na,SCT030,na,na,27/20,Q1015,NULL
2007061518,SBKG,151800Z,12009KT,9999,na,na,SCT040,na,na,27/19,Q1015,NULL
2007061519,SBKG,151900Z,12009KT,9999,na,na,BKN040,na,na,27/19,Q1015,NULL
2007061520,SBKG,152000Z,12010KT,9999,na,na,SCT018,BKN025,na,25/20,Q1015,NULL
2007061521,SBKG,152100Z,12006KT,7000,-RA,na,SCT015,BKN020,na,22/21,Q1016,NULL
2007061522,SBKG,152200Z,12004KT,9999,na,na,BKN020,na,na,22/21,Q1016,NULL
2007061523,SBKG,152300Z,12006KT,5000,-RA,na,SCT010,BKN018,na,21/21,Q1017,NULL
2007061603,SBKG,160315Z,12004KT,8000,-RA,na,SCT005,BKN010,BKN015,21/21,Q1018,NULL
2007061604,SBKG,160400Z,13004KT,5000,BR,na,FEW005,SCT010,BKN015,21/21,Q1017,NULL
2007061605,SBKG,160500Z,14004KT,4000,-RA,na,SCT006,BKN012,BKN015,21/21,Q1017,NULL
2007061606,SBKG,160600Z,13006KT,9999,na,na,FEW006,SCT010,BKN015,20/20,Q1016,NULL
2007061606,SBKG,160615Z,12006KT,6000,na,na,FEW005,BKN010,BKN015,20/20,Q1016,NULL
2007061607,SBKG,160700Z,12004KT,0050,FG,na,na,na,na,20/20,Q1016,NULL
2007061608,SBKG,160800Z,13003KT,0050,FG,na,na,na,na,20/20,Q1016,NULL
2007061608,SBKG,160825Z,12004KT,4000,BR,na,FEW005,SCT016,na,20/20,Q1016,NULL
2007061609,SBKG,160900Z,14004KT,6000,na,na,FEW018,na,na,20/20,Q1017,NULL
2007061609,SBKG,160943Z,13002KT,9000,na,na,SCT012,SCT018,na,20/20,Q1017,NULL
2007061610,SBKG,161000Z,12006KT,7000,-RA,na,SCT012,BKN018,na,20/20,Q1017,NULL
2007061611,SBKG,161100Z,12006KT,9999,na,na,FEW015,BKN030,na,23/21,Q1018,NULL
2007061612,SBKG,161200Z,13008KT,9999,na,na,FEW012,BKN020,na,23/21,Q1018,NULL
2007061613,SBKG,161300Z,12010KT,9999,na,na,BKN025,na,na,25/20,Q1018,NULL
2007061614,SBKG,161400Z,12006KT,9999,na,na,BKN025,na,na,26/21,Q1018,NULL
2007061615,SBKG,161500Z,12008KT,9999,na,na,SCT030,na,na,27/21,Q1017,NULL
2007061616,SBKG,161600Z,12010KT,9999,na,na,BKN025,na,na,27/20,Q1017,NULL
2007061617,SBKG,161700Z,12006KT,9999,na,na,BKN025,na,na,27/21,Q1016,NULL
2007061618,SBKG,161800Z,13006KT,9999,na,na,BKN025,na,na,26/22,Q1015,NULL
2007061619,SBKG,161900Z,12010KT,9999,na,na,SCT025,na,na,27/21,Q1015,NULL
2007061620,SBKG,162000Z,12006KT,9999,na,na,FEW020,na,na,26/21,Q1016,NULL
2007061621,SBKG,162100Z,12004KT,9999,na,na,FEW020,na,na,24/22,Q1016,NULL
2007061703,SBKG,170315Z,16006KT,9999,na,na,BKN018,na,na,21/20,Q1017,NULL
2007061704,SBKG,170400Z,15006KT,9999,na,na,SCT012,BKN016,na,21/20,Q1017,NULL
2007061705,SBKG,170500Z,19004KT,9999,na,na,SCT012,BKN016,na,21/20,Q1016,NULL
2007061706,SBKG,170600Z,18010KT,9999,RA,na,SCT012,BKN016,na,21/20,Q1016,NULL
2007061707,SBKG,170700Z,18006KT,9999,RA,na,SCT010,BKN015,na,21/20,Q1016,NULL
2007061708,SBKG,170800Z,18004KT,8000,na,na,SCT010,BKN015,na,21/20,Q1016,NULL
2007061709,SBKG,170900Z,16008KT,6000,na,na,SCT010,BKN015,na,21/20,Q1017,NULL
2007061710,SBKG,171000Z,18004KT,5000,-RA,BR,SCT010,BKN015,na,21/20,Q1018,NULL
2007061711,SBKG,171100Z,19004KT,5000,BR,na,SCT010,BKN015,na,21/20,Q1018,NULL
2007061712,SBKG,171200Z,17010KT,3000,-RA,BR,SCT006,BKN010,na,22/21,Q1018,NULL
2007061713,SBKG,171300Z,16004KT,3000,-RA,BR,SCT006,BKN010,BKN070,22/21,Q1018,NULL
2007061714,SBKG,171400Z,14010KT,6000,na,na,SCT006,BKN010,BKN070,23/21,Q1018,NULL
2007061715,SBKG,171500Z,14008KT,6000,na,na,BKN010,BKN015,BKN090,24/22,Q1017,NULL
2007061716,SBKG,171600Z,12010KT,8000,na,na,FEW010,BKN015,na,26/21,Q1016,NULL
2007061717,SBKG,171700Z,12012KT,9999,na,na,FEW010,BKN018,na,26/21,Q1016,NULL
2007061718,SBKG,171800Z,12006KT,9999,na,na,BKN018,SCT090,na,26/21,Q1016,NULL
2007061719,SBKG,171900Z,12010KT,9999,na,na,FEW010,SCT018,na,26/21,Q1016,NULL
2007061720,SBKG,172000Z,12010KT,9999,na,na,SCT010,BKN015,na,25/21,Q1016,NULL
2007061721,SBKG,172100Z,13006KT,9999,na,na,SCT010,SCT015,na,23/20,Q1017,NULL
2007061803,SBKG,180315Z,18005KT,9999,na,na,SCT017,na,na,21/20,Q1018,NULL
2007061804,SBKG,180400Z,20004KT,9999,na,na,SCT017,na,na,21/20,Q1018,NULL
2007061805,SBKG,180500Z,21004KT,9999,na,na,SCT017,na,na,21/20,Q1017,NULL
2007061806,SBKG,180600Z,20002KT,9999,na,na,SCT017,na,na,21/20,Q1017,NULL
2007061807,SBKG,180700Z,26002KT,9999,na,na,SCT017,na,na,20/20,Q1016,NULL
2007061808,SBKG,180800Z,26004KT,9999,na,na,SCT017,na,na,20/19,Q1017,NULL
2007061809,SBKG,180900Z,26004KT,9999,na,na,SCT020,SCT100,na,20/19,Q1017,NULL
2007061810,SBKG,181000Z,19008KT,9999,na,na,FEW010,SCT015,na,21/20,Q1018,NULL
2007061811,SBKG,181100Z,20006KT,9999,na,na,SCT015,BKN100,na,22/20,Q1019,NULL
2007061812,SBKG,181200Z,15006KT,9999,na,na,SCT010,SCT015,BKN100,23/20,Q1019,NULL
2007061813,SBKG,181300Z,15008KT,9999,na,na,SCT010,SCT015,BKN100,24/20,Q1019,NULL
2007061814,SBKG,181400Z,15010KT,9999,na,na,SCT015,BKN020,na,25/19,Q1019,NULL
2007061815,SBKG,181500Z,16010KT,9999,na,na,SCT015,BKN020,na,24/20,Q1018,NULL
2007061816,SBKG,181600Z,15010KT,9999,na,na,SCT015,BKN020,na,25/19,Q1017,NULL
2007061817,SBKG,181700Z,12006KT,5000,-RA,na,SCT010,BKN015,BKN100,24/21,Q1017,NULL
2007061818,SBKG,181800Z,12002KT,6000,-RA,na,SCT012,SCT022,BKN100,23/22,Q1017,NULL
2007061819,SBKG,181900Z,12008KT,9999,na,na,FEW012,SCT016,BKN100,23/20,Q1017,NULL
2007061820,SBKG,182000Z,12006KT,8000,na,na,SCT010,BKN028,BKN100,23/22,Q1017,NULL
2007061821,SBKG,182100Z,13006KT,4000,-RA,BR,SCT008,BKN014,BKN100,22/21,Q1018,NULL
2007061822,SBKG,182200Z,13008KT,6000,na,na,SCT006,BKN014,BKN100,21/21,Q1018,NULL
2007061823,SBKG,182300Z,14006KT,9999,na,na,FEW006,SCT014,BKN090,21/21,Q1018,NULL
2007061903,SBKG,190300Z,15006KT,9999,na,na,SCT010,na,na,20/19,Q1018,NULL
2007061904,SBKG,190400Z,15006KT,9999,na,na,SCT010,na,na,20/19,Q1018,NULL
2007061905,SBKG,190500Z,16004KT,9999,na,na,FEW006,SCT010,na,20/19,Q1018,NULL
2007061906,SBKG,190600Z,18002KT,9999,na,na,FEW006,SCT010,na,20/19,Q1017,NULL
2007061907,SBKG,190700Z,16004KT,9999,na,na,SCT010,na,na,20/19,Q1017,NULL
2007061908,SBKG,190800Z,15006KT,9999,na,na,SCT010,BKN015,na,20/19,Q1018,NULL
2007061909,SBKG,190900Z,16006KT,9999,na,na,SCT010,BKN015,na,20/19,Q1018,NULL
2007061910,SBKG,191000Z,20004KT,9999,na,na,SCT015,BKN017,na,21/19,Q1018,NULL
2007061911,SBKG,191100Z,19006KT,9999,na,na,BKN020,BKN100,na,22/19,Q1019,NULL
2007061912,SBKG,191200Z,18010KT,9999,na,na,SCT020,BKN100,na,23/19,Q1019,NULL
2007061913,SBKG,191300Z,19010KT,9999,na,na,BKN025,na,na,25/20,Q1019,NULL
2007061914,SBKG,191400Z,19010KT,9999,na,na,BKN025,na,na,25/20,Q1019,NULL
2007061915,SBKG,191500Z,20010KT,9999,na,na,BKN025,BKN100,na,25/20,Q1018,NULL
2007061916,SBKG,191600Z,15010KT,9999,na,na,FEW022,BKN030,BKN100,26/20,Q1017,NULL
2007061917,SBKG,191700Z,14012KT,9999,na,na,FEW026,BKN030,BKN100,26/20,Q1017,NULL
2007061918,SBKG,191800Z,15008KT,9999,na,na,FEW026,BKN030,BKN100,25/19,Q1017,NULL
2007061919,SBKG,191900Z,14010KT,9999,na,na,FEW026,SCT030,BKN100,25/21,Q1017,NULL
2007061920,SBKG,192000Z,14010KT,9999,na,na,SCT032,BKN080,na,24/19,Q1017,NULL
2007061921,SBKG,192100Z,13008KT,9999,na,na,SCT030,BKN100,na,23/19,Q1018,NULL
2007061922,SBKG,192200Z,13008KT,9999,na,na,SCT025,BKN100,na,23/19,Q1018,NULL
2007061923,SBKG,192300Z,13008KT,9999,na,na,SCT016,BKN025,BKN100,22/19,Q1019,NULL
2007062003,SBKG,200315Z,17008KT,9999,na,na,SCT010,BKN015,na,21/20,Q1020,NULL
2007062004,SBKG,200400Z,18004KT,9999,na,na,SCT015,na,na,21/20,Q1019,NULL
2007062005,SBKG,200500Z,19004KT,9999,na,na,SCT015,na,na,21/19,Q1019,NULL
2007062006,SBKG,200600Z,20004KT,9999,na,na,BKN015,na,na,20/19,Q1018,NULL
2007062007,SBKG,200700Z,19006KT,9999,na,na,SCT015,na,na,20/19,Q1018,NULL
2007062008,SBKG,200800Z,18004KT,9999,na,na,SCT015,na,na,20/19,Q1019,NULL
2007062009,SBKG,200900Z,17006KT,9999,na,na,SCT010,BKN015,na,20/19,Q1019,NULL
2007062010,SBKG,201000Z,15010KT,9999,na,na,SCT014,BKN016,na,21/20,Q1019,NULL
2007062011,SBKG,201100Z,16010KT,9999,na,na,FEW014,BKN015,na,23/20,Q1019,NULL
2007062012,SBKG,201200Z,14010KT,9999,na,na,BKN018,na,na,24/20,Q1020,NULL
2007062013,SBKG,201300Z,17012KT,9999,na,na,BKN028,na,na,24/20,Q1020,NULL
2007062014,SBKG,201400Z,16014KT,9999,na,na,SCT026,SCT080,na,25/20,Q1019,NULL
2007062015,SBKG,201500Z,16012KT,9999,na,na,BKN028,na,na,26/19,Q1019,NULL
2007062016,SBKG,201600Z,13012KT,9999,na,na,BKN028,na,na,27/20,Q1018,NULL
2007062017,SBKG,201700Z,13012KT,9999,na,na,SCT030,na,na,27/20,Q1018,NULL
2007062018,SBKG,201800Z,16012KT,9999,na,na,SCT030,na,na,26/19,Q1017,NULL
2007062019,SBKG,201900Z,13010KT,9999,na,na,FEW023,na,na,25/18,Q1018,NULL
2007062020,SBKG,202000Z,15011KT,9999,na,na,BKN023,na,na,24/18,Q1018,NULL
2007062021,SBKG,202100Z,15005KT,9999,na,na,FEW023,na,na,22/18,Q1019,NULL
2007062022,SBKG,202200Z,15004KT,CAVOK,na,na,na,na,na,21/18,Q1019,NULL
2007062023,SBKG,202300Z,13004KT,CAVOK,na,na,na,na,na,20/18,Q1019,NULL
2007062103,SBKG,210319Z,12004KT,9999,na,na,SCT010,na,na,19/18,Q1019,NULL
2007062104,SBKG,210400Z,15006KT,9999,na,na,SCT010,na,na,20/19,Q1019,NULL
2007062105,SBKG,210500Z,13003KT,9999,na,na,SCT010,na,na,20/19,Q1018,NULL
2007062106,SBKG,210600Z,15008KT,9999,na,na,FEW006,SCT010,na,20/19,Q1018,NULL
2007062107,SBKG,210700Z,12004KT,9999,na,na,FEW006,SCT010,na,20/19,Q1019,NULL
2007062108,SBKG,210800Z,15004KT,CAVOK,na,na,na,na,na,19/18,Q1019,NULL
2007062109,SBKG,210900Z,13003KT,9999,na,na,FEW010,na,na,19/18,Q1019,NULL
2007062110,SBKG,211000Z,13002KT,8000,na,na,SCT012,BKN080,na,20/19,Q1019,NULL
2007062110,SBKG,211015Z,16010KT,3000,-DZ,na,SCT006,BKN012,BKN080,20/20,Q1019,NULL
2007062111,SBKG,211100Z,15006KT,2000,na,na,SCT006,BKN012,OVC070,20/20,Q1020,NULL
2007062112,SBKG,211200Z,13006KT,2000,-RA,na,SCT006,BKN012,OVC070,21/21,Q1020,NULL
2007062113,SBKG,211300Z,13008KT,9999,na,na,SCT007,BKN010,BKN015,21/21,Q1020,NULL
2007062113,SBKG,211320Z,13010KT,9999,na,na,SCT014,BKN016,BKN080,23/21,Q1020,NULL
2007062114,SBKG,211400Z,13013KT,9999,na,na,FEW014,BKN016,na,25/21,Q1019,NULL
2007062115,SBKG,211500Z,15014KT,9999,na,na,BKN026,na,na,26/20,Q1019,NULL
2007062116,SBKG,211600Z,14012KT,9999,na,na,BKN028,na,na,26/20,Q1018,NULL
2007062117,SBKG,211700Z,15012KT,8000,na,na,FEW018,BKN028,na,25/21,Q1018,NULL
2007062118,SBKG,211800Z,13010KT,5000,-RA,na,BKN018,BKN023,na,23/19,Q1018,NULL
2007062119,SBKG,211900Z,14008KT,3000,na,na,SCT010,BKN015,na,21/20,Q1018,NULL
2007062119,SBKG,211930Z,15010KT,7000,na,na,FEW006,BKN010,BKN015,21/21,Q1018,NULL
2007062120,SBKG,212000Z,15009KT,9999,na,na,SCT010,BKN020,na,21/20,Q1018,NULL
2007062121,SBKG,212100Z,14006KT,9999,na,na,SCT012,BKN015,na,21/20,Q1018,NULL
2007062122,SBKG,212200Z,14006KT,9999,na,na,FEW015,na,na,20/19,Q1018,NULL
2007062123,SBKG,212300Z,12008KT,9999,na,na,BKN016,na,na,20/19,Q1019,NULL
2007062203,SBKG,220318Z,16006KT,9999,na,na,FEW010,na,na,20/19,Q1018,NULL
2007062204,SBKG,220400Z,13006KT,9999,na,na,SCT010,na,na,20/19,Q1018,NULL
2007062205,SBKG,220500Z,15004KT,9999,na,na,FEW010,na,na,19/18,Q1017,NULL
2007062206,SBKG,220600Z,15004KT,9999,na,na,SCT010,na,na,19/18,Q1017,NULL
2007062207,SBKG,220700Z,16006KT,9999,na,na,FEW010,na,na,20/19,Q1017,NULL
2007062208,SBKG,220800Z,16004KT,9999,na,na,SCT010,na,na,19/18,Q1017,NULL
2007062209,SBKG,220900Z,16006KT,9999,na,na,SCT010,na,na,19/18,Q1018,NULL
2007062210,SBKG,221000Z,20004KT,9999,na,na,SCT020,BKN300,na,20/19,Q1018,NULL
2007062211,SBKG,221100Z,18006KT,9999,na,na,SCT020,BKN300,na,21/19,Q1018,NULL
2007062212,SBKG,221200Z,16010KT,6000,na,na,SCT015,BKN020,BKN097,21/20,Q1019,NULL
2007062213,SBKG,221300Z,19012KT,6000,na,na,SCT015,BKN020,BKN097,22/20,Q1019,NULL
2007062214,SBKG,221400Z,15010KT,5000,RA,na,SCT015,BKN020,BKN097,22/20,Q1018,NULL
2007062215,SBKG,221500Z,16006KT,6000,na,na,SCT015,BKN020,BKN097,24/20,Q1018,NULL
2007062216,SBKG,221600Z,18010KT,5000,RA,na,SCT015,BKN020,BKN097,23/21,Q1017,NULL
2007062217,SBKG,221700Z,17012KT,5000,RA,na,SCT015,BKN020,BKN097,24/20,Q1016,NULL
2007062218,SBKG,221800Z,15012KT,7000,-RA,na,BKN012,BKN015,na,22/20,Q1016,NULL
2007062219,SBKG,221900Z,13008KT,9000,na,na,SCT012,BKN015,na,23/19,Q1016,NULL
2007062220,SBKG,222000Z,15006KT,9999,na,na,SCT012,BKN015,na,21/19,Q1016,NULL
2007062221,SBKG,222100Z,13006KT,9000,na,na,SCT012,BKN016,na,21/19,Q1016,NULL
2007062222,SBKG,222200Z,16006KT,9999,na,na,BKN030,na,na,21/19,Q1016,NULL
2007062223,SBKG,222300Z,15006KT,9999,na,na,BKN040,na,na,20/19,Q1016,NULL
2007062300,SBKG,230000Z,15006KT,9999,na,na,FEW015,BKN020,na,21/19,Q1017,NULL
2007062301,SBKG,230100Z,15006KT,9999,na,na,SCT012,BKN020,na,21/19,Q1017,NULL
2007062302,SBKG,230200Z,15006KT,9999,na,na,BKN020,na,na,21/19,Q1017,NULL
2007062303,SBKG,230315Z,14004KT,5000,-DZ,na,SCT006,SCT016,BKN080,20/20,Q1016,NULL
2007062304,SBKG,230400Z,15004KT,8000,na,na,SCT007,SCT012,BKN080,20/20,Q1016,NULL
2007062305,SBKG,230500Z,16004KT,9000,na,na,FEW007,SCT012,BKN015,20/20,Q1015,NULL
2007062306,SBKG,230600Z,17004KT,9000,na,na,FEW007,SCT012,BKN015,20/19,Q1015,NULL
2007062307,SBKG,230700Z,16008KT,9000,na,na,FEW006,SCT010,BKN015,20/20,Q1015,NULL
2007062308,SBKG,230800Z,15004KT,9999,na,na,SCT014,SCT090,na,20/20,Q1015,NULL
2007062309,SBKG,230900Z,00000KT,5000,BR,na,SCT010,SCT015,na,20/20,Q1016,NULL
2007062310,SBKG,231000Z,16006KT,9999,na,na,SCT010,BKN015,BKN090,21/20,Q1016,NULL
2007062311,SBKG,231100Z,16006KT,8000,na,na,SCT010,BKN015,BKN090,22/20,Q1017,NULL
2007062312,SBKG,231200Z,16008KT,9999,na,na,SCT010,BKN015,BKN090,22/20,Q1017,NULL
2007062313,SBKG,231300Z,15008KT,9999,na,na,SCT010,BKN015,BKN090,23/20,Q1017,NULL
2007062314,SBKG,231400Z,13012KT,9999,na,na,FEW010,BKN015,BKN090,25/20,Q1017,NULL
2007062315,SBKG,231500Z,16010KT,9999,na,na,FEW010,SCT015,BKN090,26/20,Q1016,NULL
2007062316,SBKG,231600Z,15008KT,9999,na,na,SCT015,BKN020,BKN090,26/20,Q1015,NULL
2007062317,SBKG,231700Z,16008KT,9999,na,na,SCT020,BKN100,na,27/20,Q1015,NULL
2007062318,SBKG,231800Z,16012KT,9999,na,na,SCT025,na,na,27/21,Q1014,NULL
2007062319,SBKG,231900Z,16010KT,9999,na,na,SCT025,na,na,26/20,Q1014,NULL
2007062320,SBKG,232000Z,12006KT,9999,na,na,SCT017,na,na,22/21,Q1016,NULL
2007062321,SBKG,232100Z,17008KT,9999,na,na,SCT020,na,na,24/21,Q1016,NULL
2007062322,SBKG,232200Z,20004KT,9999,na,na,SCT017,na,na,22/21,Q1016,NULL
2007062403,SBKG,240315Z,12004KT,9999,na,na,BKN015,SCT100,na,21/21,Q1018,NULL
2007062404,SBKG,240400Z,17004KT,9999,na,na,FEW015,na,na,20/20,Q1017,NULL
2007062405,SBKG,240500Z,16004KT,9999,na,na,FEW012,SCT016,na,20/20,Q1017,NULL
2007062406,SBKG,240600Z,15006KT,9999,na,na,SCT016,na,na,20/20,Q1017,NULL
2007062407,SBKG,240700Z,14006KT,9999,na,na,FEW010,SCT015,na,20/20,Q1017,NULL
2007062408,SBKG,240800Z,16006KT,9999,na,na,FEW016,SCT090,na,20/20,Q1017,NULL
2007062409,SBKG,240900Z,14006KT,5000,RA,na,SCT015,BKN090,na,20/20,Q1018,NULL
2007062410,SBKG,241000Z,14006KT,5000,BR,na,SCT010,BKN017,BKN090,21/20,Q1018,NULL
2007062411,SBKG,241100Z,14006KT,3000,-RA,na,SCT010,BKN015,BKN090,20/20,Q1019,NULL
2007062412,SBKG,241200Z,12006KT,3000,-RA,na,SCT006,BKN010,BKN070,20/20,Q1019,NULL
2007062413,SBKG,241300Z,14008KT,3000,-RA,BR,SCT006,BKN010,BKN070,20/19,Q1019,NULL
2007062414,SBKG,241400Z,14006KT,3000,-RA,BR,SCT006,BKN010,BKN070,20/19,Q1018,NULL
2007062415,SBKG,241500Z,13008KT,5000,BR,na,SCT010,BKN015,BKN090,21/20,Q1018,NULL
2007062416,SBKG,241600Z,12008KT,9999,na,na,SCT010,BKN018,na,23/20,Q1017,NULL
2007062417,SBKG,241700Z,13008KT,9999,na,na,FEW010,BKN018,na,25/20,Q1016,NULL
2007062418,SBKG,241800Z,12006KT,9999,na,na,FEW010,BKN018,na,25/20,Q1016,NULL
2007062419,SBKG,241900Z,12006KT,9999,na,na,BKN018,na,na,24/20,Q1016,NULL
2007062420,SBKG,242000Z,12005KT,9999,na,na,SCT015,na,na,24/20,Q1016,NULL
2007062421,SBKG,242100Z,15008KT,9999,na,na,SCT010,SCT015,na,23/19,Q1017,NULL
2007062422,SBKG,242200Z,12008KT,9999,na,na,SCT010,na,na,22/19,Q1018,NULL
2007062500,SBKG,250045Z,14004KT,CAVOK,na,na,na,na,na,19/19,Q1019,NULL
2007062501,SBKG,250100Z,13002KT,CAVOK,na,na,na,na,na,19/19,Q1019,NULL
2007062502,SBKG,250200Z,15006KT,CAVOK,na,na,na,na,na,19/18,Q1019,NULL
2007062503,SBKG,250300Z,00000KT,CAVOK,na,na,na,na,na,18/18,Q1019,NULL
2007062504,SBKG,250400Z,00000KT,CAVOK,na,na,na,na,na,18/18,Q1019,NULL
2007062505,SBKG,250500Z,00000KT,CAVOK,na,na,na,na,na,17/17,Q1019,NULL
2007062506,SBKG,250600Z,00000KT,CAVOK,na,na,na,na,na,17/17,Q1018,NULL
2007062507,SBKG,250700Z,00000KT,CAVOK,na,na,na,na,na,17/17,Q1018,NULL
2007062508,SBKG,250800Z,27002KT,CAVOK,na,na,na,na,na,17/17,Q1019,NULL
2007062510,SBKG,251000Z,22005KT,9999,na,na,FEW030,na,na,19/18,Q1020,NULL
2007062511,SBKG,251100Z,21006KT,9999,na,na,FEW030,na,na,21/19,Q1020,NULL
2007062512,SBKG,251200Z,15006KT,9999,na,na,SCT025,na,na,21/19,Q1021,NULL
2007062513,SBKG,251300Z,13007KT,9999,na,na,SCT025,na,na,25/19,Q1020,NULL
2007062514,SBKG,251400Z,13006KT,9999,na,na,FEW040,na,na,27/18,Q1020,NULL
2007062515,SBKG,251500Z,12007KT,9999,na,na,SCT030,na,na,28/18,Q1019,NULL
2007062516,SBKG,251600Z,13006KT,9999,na,na,BKN025,na,na,28/18,Q1018,NULL
2007062517,SBKG,251700Z,13008KT,9999,na,na,BKN025,na,na,28/19,Q1017,NULL
2007062518,SBKG,251800Z,16008KT,9999,na,na,SCT025,BKN100,na,27/19,Q1017,NULL
2007062519,SBKG,251900Z,14006KT,9999,na,na,SCT020,BKN100,na,25/21,Q1017,NULL
2007062520,SBKG,252000Z,16006KT,9999,na,na,SCT020,BKN100,na,25/21,Q1017,NULL
2007062521,SBKG,252100Z,16004KT,5000,RA,na,BKN015,BKN070,na,22/21,Q1018,NULL
2007062522,SBKG,252200Z,18006KT,3000,-RA,na,BKN010,BKN070,na,21/20,Q1019,NULL
2007062523,SBKG,252300Z,18006KT,5000,-RA,na,BKN010,BKN070,na,21/20,Q1019,NULL
2007062500,SBKG,250045Z,14004KT,CAVOK,na,na,na,na,na,19/19,Q1019,NULL
2007062501,SBKG,250100Z,13002KT,CAVOK,na,na,na,na,na,19/19,Q1019,NULL
2007062502,SBKG,250200Z,15006KT,CAVOK,na,na,na,na,na,19/18,Q1019,NULL
2007062503,SBKG,250300Z,00000KT,CAVOK,na,na,na,na,na,18/18,Q1019,NULL
2007062504,SBKG,250400Z,00000KT,CAVOK,na,na,na,na,na,18/18,Q1019,NULL
2007062505,SBKG,250500Z,00000KT,CAVOK,na,na,na,na,na,17/17,Q1019,NULL
2007062506,SBKG,250600Z,00000KT,CAVOK,na,na,na,na,na,17/17,Q1018,NULL
2007062507,SBKG,250700Z,00000KT,CAVOK,na,na,na,na,na,17/17,Q1018,NULL
2007062508,SBKG,250800Z,27002KT,CAVOK,na,na,na,na,na,17/17,Q1019,NULL
2007062510,SBKG,251000Z,22005KT,9999,na,na,FEW030,na,na,19/18,Q1020,NULL
2007062511,SBKG,251100Z,21006KT,9999,na,na,FEW030,na,na,21/19,Q1020,NULL
2007062512,SBKG,251200Z,15006KT,9999,na,na,SCT025,na,na,21/19,Q1021,NULL
2007062513,SBKG,251300Z,13007KT,9999,na,na,SCT025,na,na,25/19,Q1020,NULL
2007062514,SBKG,251400Z,13006KT,9999,na,na,FEW040,na,na,27/18,Q1020,NULL
2007062515,SBKG,251500Z,12007KT,9999,na,na,SCT030,na,na,28/18,Q1019,NULL
2007062516,SBKG,251600Z,13006KT,9999,na,na,BKN025,na,na,28/18,Q1018,NULL
2007062517,SBKG,251700Z,13008KT,9999,na,na,BKN025,na,na,28/19,Q1017,NULL
2007062518,SBKG,251800Z,16008KT,9999,na,na,SCT025,BKN100,na,27/19,Q1017,NULL
2007062519,SBKG,251900Z,14006KT,9999,na,na,SCT020,BKN100,na,25/21,Q1017,NULL
2007062520,SBKG,252000Z,16006KT,9999,na,na,SCT020,BKN100,na,25/21,Q1017,NULL
2007062521,SBKG,252100Z,16004KT,5000,RA,na,BKN015,BKN070,na,22/21,Q1018,NULL
2007062522,SBKG,252200Z,18006KT,3000,-RA,na,BKN010,BKN070,na,21/20,Q1019,NULL
2007062523,SBKG,252300Z,18006KT,5000,-RA,na,BKN010,BKN070,na,21/20,Q1019,NULL
2007062703,SBKG,270315Z,00000KT,9999,na,na,FEW015,na,na,19/19,Q1018,NULL
2007062704,SBKG,270400Z,00000KT,9999,na,na,FEW008,SCT300,na,19/19,Q1018,NULL
2007062705,SBKG,270500Z,00000KT,9999,na,na,SCT012,BKN015,na,19/19,Q1017,NULL
2007062706,SBKG,270600Z,00000KT,9999,na,na,SCT010,BKN012,na,20/20,Q1017,NULL
2007062707,SBKG,270700Z,14002KT,9999,na,na,BKN015,na,na,20/20,Q1017,NULL
2007062708,SBKG,270800Z,14003KT,6000,-RA,na,SCT012,BKN015,na,20/19,Q1017,NULL
2007062709,SBKG,270900Z,12008KT,3000,-RA,BR,BKN010,BKN015,na,21/20,Q1019,NULL
2007062710,SBKG,271000Z,12002KT,3000,BR,na,BKN010,BKN015,na,20/20,Q1018,NULL
2007062711,SBKG,271100Z,12006KT,3000,BR,na,BKN010,BKN015,na,20/20,Q1019,NULL
2007062712,SBKG,271200Z,12008KT,3000,-RA,BR,BKN010,BKN015,na,21/20,Q1019,NULL
2007062713,SBKG,271300Z,13008KT,9999,na,na,SCT010,BKN018,na,22/20,Q1019,NULL
2007062714,SBKG,271400Z,13008KT,3000,-RA,BR,BKN010,BKN015,na,23/20,Q1018,NULL
2007062714,SBKG,271415Z,12006KT,9999,na,na,SCT010,BKN015,na,23/20,Q1018,NULL
2007062715,SBKG,271500Z,12006KT,9999,na,na,SCT010,BKN015,na,24/20,Q1018,NULL
2007062716,SBKG,271600Z,15010KT,5000,-RA,na,SCT010,BKN015,na,25/20,Q1017,NULL
2007062716,SBKG,271635Z,15010KT,3000,-RA,na,SCT006,BKN010,na,22/21,Q1017,NULL
2007062717,SBKG,271700Z,16008KT,3000,-RA,na,SCT006,BKN010,na,22/21,Q1016,NULL
2007062717,SBKG,271712Z,15008KT,5000,BR,na,SCT010,BKN015,na,22/21,Q1016,NULL
2007062718,SBKG,271800Z,16006KT,3000,-RA,na,SCT006,BKN010,na,22/21,Q1016,NULL
2007062719,SBKG,271900Z,14006KT,3000,-RA,BR,SCT006,BKN010,na,21/20,Q1017,NULL
2007062720,SBKG,272000Z,17006KT,5000,BR,na,SCT010,BKN017,na,21/20,Q1017,NULL
2007062721,SBKG,272100Z,16006KT,3000,-RA,BR,SCT006,BKN010,na,21/20,Q1017,NULL
2007062722,SBKG,272200Z,16006KT,3000,-RA,BR,SCT006,BKN010,BKN070,20/19,Q1018,NULL
2007062723,SBKG,272300Z,14006KT,3000,-RA,BR,BKN010,OVC070,na,20/20,Q1019,NULL
2007062803,SBKG,280317Z,13006KT,8000,-RA,na,SCT006,BKN010,na,20/19,Q1018,NULL
2007062804,SBKG,280400Z,13004KT,8000,BR,na,SCT005,BKN010,na,20/20,Q1018,NULL
2007062805,SBKG,280500Z,15006KT,9000,na,na,FEW005,BKN010,na,20/20,Q1017,NULL
2007062805,SBKG,280518Z,13004KT,9999,na,na,FEW006,SCT010,na,20/20,Q1017,NULL
2007062805,SBKG,280522Z,13004KT,9999,na,na,FEW006,SCT010,na,20/20,Q1017,NULL
2007062806,SBKG,280600Z,12004KT,9999,na,na,SCT010,na,na,20/20,Q1017,NULL
2007062807,SBKG,280700Z,15004KT,2000,-DZ,BR,BKN003,BKN008,na,20/20,Q1017,NULL
2007062807,SBKG,280737Z,12002KT,9999,na,na,SCT010,na,na,20/19,Q1017,NULL
2007062808,SBKG,280800Z,15004KT,9999,na,na,FEW006,SCT010,na,20/19,Q1017,NULL
2007062809,SBKG,280900Z,15006KT,2000,-RA,BR,SCT005,BKN010,na,20/20,Q1018,NULL
2007062810,SBKG,281000Z,14006KT,3000,-RA,BR,SCT006,BKN010,BKN070,20/19,Q1018,NULL
2007062811,SBKG,281100Z,16004KT,2000,-RA,BR,SCT006,BKN010,OVC070,20/19,Q1019,NULL
2007062812,SBKG,281200Z,16006KT,5000,BR,na,SCT006,BKN010,OVC070,21/20,Q1019,NULL
2007062813,SBKG,281300Z,17006KT,6000,na,na,SCT010,BKN015,BKN090,22/21,Q1019,NULL
2007062814,SBKG,281400Z,16010KT,9999,na,na,SCT010,BKN017,BKN090,22/21,Q1018,NULL
2007062815,SBKG,281500Z,15010KT,6000,na,na,SCT015,BKN017,BKN090,22/21,Q1017,NULL
2007062816,SBKG,281600Z,16008KT,9999,na,na,SCT015,BKN017,BKN090,23/21,Q1016,NULL
2007062817,SBKG,281700Z,16010KT,9999,na,na,SCT015,BKN017,BKN090,22/20,Q1016,NULL
2007062818,SBKG,281800Z,13006KT,9999,na,na,FEW015,SCT022,BKN080,23/20,Q1016,NULL
2007062819,SBKG,281900Z,14008KT,8000,na,na,FEW015,SCT018,BKN070,22/20,Q1016,NULL
2007062820,SBKG,282000Z,15006KT,5000,RA,na,FEW015,SCT016,BKN080,22/20,Q1017,NULL
2007062821,SBKG,282100Z,12004KT,9999,na,na,SCT016,BKN080,na,21/20,Q1017,NULL
2007062822,SBKG,282200Z,00000KT,9999,na,na,SCT018,BKN080,na,21/20,Q1018,NULL
2007062823,SBKG,282300Z,00000KT,CAVOK,na,na,na,na,na,20/20,Q1018,NULL
2007062903,SBKG,290320Z,00000KT,9999,na,na,FEW010,na,na,18/18,Q1019,NULL
2007062904,SBKG,290400Z,19002KT,9999,na,na,SCT010,na,na,19/18,Q1019,NULL
2007062905,SBKG,290500Z,25002KT,9999,na,na,FEW010,na,na,19/18,Q1019,NULL
2007062906,SBKG,290600Z,00000KT,CAVOK,na,na,na,na,na,18/17,Q1018,NULL
2007062907,SBKG,290700Z,00000KT,CAVOK,na,na,na,na,na,18/17,Q1018,NULL
2007062908,SBKG,290800Z,00000KT,9999,na,na,FEW010,na,na,18/17,Q1018,NULL
2007062909,SBKG,290900Z,28002KT,9999,na,na,FEW010,na,na,17/17,Q1019,NULL
2007062910,SBKG,291000Z,00000KT,CAVOK,na,na,na,na,na,19/18,Q1019,NULL
2007062911,SBKG,291100Z,18002KT,CAVOK,na,na,na,na,na,20/19,Q1020,NULL
2007062912,SBKG,291200Z,18006KT,9999,na,na,SCT020,na,na,22/19,Q1021,NULL
2007062913,SBKG,291300Z,16010KT,9999,na,na,SCT025,na,na,24/20,Q1020,NULL
2007062914,SBKG,291400Z,16010KT,9999,na,na,BKN025,na,na,25/20,Q1020,NULL
2007062915,SBKG,291500Z,15010KT,9999,na,na,BKN025,na,na,25/21,Q1019,NULL
2007062916,SBKG,291600Z,13006KT,9999,na,na,SCT028,na,na,26/20,Q1018,NULL
2007062917,SBKG,291700Z,12010KT,9999,na,na,SCT032,na,na,27/22,Q1017,NULL
2007062918,SBKG,291800Z,13008KT,9999,na,na,SCT032,na,na,26/20,Q1017,NULL
2007062919,SBKG,291900Z,12008KT,9999,na,na,SCT032,na,na,26/20,Q1017,NULL
2007062920,SBKG,292000Z,13008KT,9999,na,na,BKN028,na,na,25/21,Q1018,NULL
2007062921,SBKG,292100Z,12006KT,9999,na,na,SCT015,BKN025,na,22/21,Q1018,NULL
2007062922,SBKG,292200Z,12006KT,9999,na,na,FEW020,SCT100,na,22/20,Q1019,NULL
2007062923,SBKG,292300Z,12004KT,9999,na,na,BKN018,na,na,21/20,Q1020,NULL
2007063003,SBKG,300315Z,18002KT,9999,na,na,BKN017,na,na,20/19,Q1020,NULL
2007063004,SBKG,300400Z,18002KT,6000,na,na,BKN015,na,na,20/19,Q1020,NULL
2007063005,SBKG,300500Z,18002KT,9999,na,na,SCT015,na,na,20/19,Q1019,NULL
2007063006,SBKG,300600Z,18004KT,9999,na,na,BKN015,na,na,20/19,Q1019,NULL
2007063007,SBKG,300700Z,16004KT,9999,na,na,SCT006,BKN015,na,20/19,Q1019,NULL
2007063008,SBKG,300800Z,16004KT,9999,na,na,SCT006,BKN015,na,20/19,Q1019,NULL
2007063008,SBKG,300821Z,14004KT,6000,na,na,SCT006,BKN010,na,20/19,Q1020,NULL
2007063009,SBKG,300900Z,16006KT,3000,-RA,BR,SCT006,BKN010,na,20/19,Q1019,NULL
2007063009,SBKG,300945Z,16006KT,8000,na,na,SCT015,BKN090,na,20/20,Q1021,NULL
2007063010,SBKG,301000Z,17006KT,8000,na,na,SCT018,BKN090,na,21/20,Q1021,NULL
2007063011,SBKG,301100Z,18006KT,9999,na,na,FEW015,BKN018,na,22/20,Q1022,NULL
2007063012,SBKG,301200Z,14008KT,9999,na,na,BKN022,na,na,24/20,Q1022,NULL
2007063013,SBKG,301300Z,15008KT,9999,na,na,BKN026,na,na,24/20,Q1022,NULL
2007063014,SBKG,301400Z,16008KT,9999,na,na,BKN028,na,na,25/20,Q1022,NULL
2007063015,SBKG,301500Z,17010KT,9999,na,na,BKN032,na,na,25/21,Q1021,NULL
2007063016,SBKG,301600Z,16008KT,9999,na,na,BKN030,na,na,25/19,Q1020,NULL
2007063017,SBKG,301700Z,17008KT,9999,na,na,SCT030,na,na,26/19,Q1019,NULL
2007063018,SBKG,301800Z,17010KT,9999,na,na,SCT030,na,na,26/19,Q1019,NULL
2007063019,SBKG,301900Z,19008KT,CAVOK,na,na,na,na,na,26/20,Q1019,NULL
2007063020,SBKG,302000Z,16006KT,CAVOK,na,na,na,na,na,25/19,Q1020,NULL
2007063021,SBKG,302100Z,15004KT,CAVOK,na,na,na,na,na,23/19,Q1020,NULL
